id,company_id,sector,emtak,name,phone,www,email
2490,546,"Mootorsõidukite hooldus ja remont",45201,"2 G Baltic Company OÜ","+372 5106533",http://www.2gbc.ee,info@2gbc.ee
3491,1453,"Mootorsõidukite hooldus ja remont",45201,"A1Autohooldus OÜ","+372 5024225",www.a1autohooldus.ee,info@a1autohooldus.ee
3491,1453,"Mootorsõidukite hooldus ja remont",45201,"A1Autohooldus OÜ","+372 5238318",www.a1autohooldus.ee,info@a1autohooldus.ee
3525,1481,"Mootorsõidukite hooldus ja remont",45201,"A24 GRUPP OÜ","+372 5070188",www.a24grupp.ee,info@a24grupp.ee
6684,4391,"Mootorsõidukite hooldus ja remont",45201,"Annalai grupp OÜ","+372 5573839",http://www.automix.ee,ahtirman@gmail.com
6684,4391,"Mootorsõidukite hooldus ja remont",45201,"Annalai grupp OÜ","+372 5573839",http://www.mixkoolitus.ee,ahtirman@gmail.com
9858,7322,"Mootorsõidukite hooldus ja remont",45201,"A-REHV OÜ","+372 5016455",www.rehvid1.eu,info@rehvid1.eu
12193,9365,"Mootorsõidukite hooldus ja remont",45201,"ArtmanRacing OÜ","+372 5039838",http://www.artman-racing.ee/artman/,kaido@artman-racing.ee
13822,10647,"Mootorsõidukite hooldus ja remont",45201,"ASKON Rehvid OÜ","+372 53325749",www.kummiladu.ee,info@kummiladu.ee
17018,13192,"Mootorsõidukite hooldus ja remont",45201,"Autoläige OÜ","+372 5132321",www.autolaige.ee,info@autolaige.ee
17019,13193,"Mootorsõidukite hooldus ja remont",45201,"Auto Lüliti OÜ","+372 5029762",http://www.switch.ee,meelis@switch.ee
17019,13193,"Mootorsõidukite hooldus ja remont",45201,"Auto Lüliti OÜ","+372 58182700",http://www.switch.ee,meelis@switch.ee
17040,13207,"Mootorsõidukite hooldus ja remont",45201,"Automaster24 OÜ","+372 5123424",www.kristiineautoasi.ee,automaster24oy@gmail.com
17040,13207,"Mootorsõidukite hooldus ja remont",45201,"Automaster24 OÜ","+372 5123424",www.kristiineautoasi.ee,kristiine@autoasi.ee
17040,13207,"Mootorsõidukite hooldus ja remont",45201,"Automaster24 OÜ","+372 55909429",www.kristiineautoasi.ee,automaster24oy@gmail.com
17040,13207,"Mootorsõidukite hooldus ja remont",45201,"Automaster24 OÜ","+372 55909429",www.kristiineautoasi.ee,kristiine@autoasi.ee
17206,13349,"Mootorsõidukite hooldus ja remont",45201,"Autorehvid OÜ","+372 5097449",www.rehvid.ee,info@rehvid.ee
17302,13429,"Mootorsõidukite hooldus ja remont",45201,"AUTOSÕBER OÜ","+372 5511330",www.autosober.ee,info@autosober.ee
17312,13437,"Mootorsõidukite hooldus ja remont",45201,"Auto Tallinn OÜ","+372 5060016",www.autotallinn.ee,info@autotallinn.ee
17328,13452,"Mootorsõidukite hooldus ja remont",45201,"Autoteh OÜ","+372 5082266",www.autoteh.ee,info@autoteh.ee
18503,14457,"Mootorsõidukite hooldus ja remont",45201,"A.V.S.K. OÜ","+372 5033013",www.avsk.ee,avsk@avsk.ee
18521,14473,"Mootorsõidukite hooldus ja remont",45201,"AVTO 008 SERVICE OÜ","+372 53490008",https://auto008.ee/,auto008service@gmail.com
19515,15383,"Mootorsõidukite hooldus ja remont",45201,"Baltest Autospa OÜ","+372 56626159",www.baltestauto.ee,baltestauto@gmail.com
19811,15613,"Mootorsõidukite hooldus ja remont",45201,"Baltic Dent Service OÜ","+372 56258952",www.pdr.ee,pdr@suhtlus.ee
24371,19567,"Mootorsõidukite hooldus ja remont",45201,"Bilservis JMM OÜ","+372 56656270",http://www.bilservis.ee,meelissimm@bilservis.ee
24407,19598,"Mootorsõidukite hooldus ja remont",45201,"Bimmer Motors OÜ","+372 53100012",https://www.bimmer24.ee,info@bimmer24.ee
28288,23100,"Mootorsõidukite hooldus ja remont",45201,"Brisko Autoteenindus OÜ","+372 53585338",www.brisko.ee,mail@brisko.ee
29698,24328,"Mootorsõidukite hooldus ja remont",45201,"BW Grupp Invest OÜ","+372 56244331",www.avormotors.ee,info@avormotors.ee
29698,24328,"Mootorsõidukite hooldus ja remont",45201,"BW Grupp Invest OÜ","+372 56244331",auc.avormotors.ee,info@avormotors.ee
31048,25530,"Mootorsõidukite hooldus ja remont",45201,"CarHouse OÜ","+372 5047169",www.carhouse.ee,carhouse@carhouse.ee
31135,25608,"Mootorsõidukite hooldus ja remont",45201,"Carmaint OÜ","+372 5010386",www.carmaint.ee,info@carmaint.ee
31889,26269,"Mootorsõidukite hooldus ja remont",45201,"CCAUTO OÜ","+372 57702054",https://ccauto.ee/,arved@ccauto.ee
34543,28647,"Mootorsõidukite hooldus ja remont",45201,"CMF Holding OÜ","+372 5092944",www.cmf.ee,cmf@cmf.ee
34543,28647,"Mootorsõidukite hooldus ja remont",45201,"CMF Holding OÜ","+372 5255105",www.cmf.ee,cmf@cmf.ee
41636,34952,"Mootorsõidukite hooldus ja remont",45201,"DentCar OÜ","+372 58017880",www.dentcar.ee,andreigorov@bk.ru
41651,34965,"Mootorsõidukite hooldus ja remont",45201,"DentJohn OÜ","+372 5521076",www.dentjohn.eu,jevgeni@dentjohn.eu
42865,36050,"Mootorsõidukite hooldus ja remont",45201,"Dieselland Service OÜ","+372 53468500",www.dieselland.ee,jaan@dieselland.ee
42899,36079,"Mootorsõidukite hooldus ja remont",45201,"Differ OÜ","+372 53454729",www.differ.ee,karin@differ.ee
42899,36079,"Mootorsõidukite hooldus ja remont",45201,"Differ OÜ","+372 53543841",www.differ.ee,karin@differ.ee
43672,36762,"Mootorsõidukite hooldus ja remont",45201,"DIISLIMEISTER OÜ","+372 5165485",diislimeister.ee,vootele.pihelgas@eesti.ee
46419,39240,"Mootorsõidukite hooldus ja remont",45201,"D-Service OÜ","+372 58533045",https://luckymotors.ee,autoremont777@gmail.com
46492,39305,"Mootorsõidukite hooldus ja remont",45201,"DST Auto OÜ","+372 56987204",www.kaubikud.ee,mail@kaubikud.ee
46948,39706,"Mootorsõidukite hooldus ja remont",45201,"DÜNO OÜ","+372 58377713",www.düno.ee,gert@ulracing.eu
48837,41390,"Mootorsõidukite hooldus ja remont",45201,"Eelsoojendid OÜ","+372 5255243",www.eelsoojendid.eu,info@eelsoojendid.eu
51738,44098,"Mootorsõidukite hooldus ja remont",45201,"EGR Grupp Osaühing","+372 5103835",www.egrgrupp.ee,egrgrupp@egrgrupp.ee
53028,45227,"Mootorsõidukite hooldus ja remont",45201,"Ekstreemsport Pärnu osaühing","+372 56468551",WWW.EXTREMEAUDIO.EE,info@extremeaudio.ee
53028,45227,"Mootorsõidukite hooldus ja remont",45201,"Ekstreemsport Pärnu osaühing","+372 56643033",WWW.EXTREMEAUDIO.EE,info@extremeaudio.ee
54367,46411,"Mootorsõidukite hooldus ja remont",45201,"Eling Service OÜ","+372 56882695",www.eling.ee,info@eling.ee
57953,49771,"Mootorsõidukite hooldus ja remont",45201,"Epa Auto OÜ","+372 56666141",www.carbox.ee,tahtvere@carbox.ee
60052,51625,"Mootorsõidukite hooldus ja remont",45201,"EstCar OÜ","+372 55969555",http://www.estcar.eu/,Martin@EstCar.eu
60120,51686,"Mootorsõidukite hooldus ja remont",45201,"Estec Service OÜ","+372 5023543",www.estec.ee,info@estec.ee
60120,51686,"Mootorsõidukite hooldus ja remont",45201,"Estec Service OÜ","+372 5115160",www.estec.ee,info@estec.ee
61978,53307,"Mootorsõidukite hooldus ja remont",45201,"EURAUTO OÜ","+372 51993495",www.eurauto.ee,eurauto@online.ee
61978,53307,"Mootorsõidukite hooldus ja remont",45201,"EURAUTO OÜ","+372 56233668",www.eurauto.ee,eurauto@online.ee
61978,53307,"Mootorsõidukite hooldus ja remont",45201,"EURAUTO OÜ","+372 56766151",www.eurauto.ee,eurauto@online.ee
62561,53813,"Mootorsõidukite hooldus ja remont",45201,"Eurostauto OÜ","+372 5027702",www.eurostauto.ee,kalle@eurostauto.ee
65893,56802,"Mootorsõidukite hooldus ja remont",45201,"FELMARK OÜ","+372 5024550",www.felmark.ee,felmark@felmark.ee
71515,61790,"Mootorsõidukite hooldus ja remont",45201,"Fremia OÜ","+372 5109337",https://fremia.ee/,info@fremia.ee
74148,64181,"Mootorsõidukite hooldus ja remont",45201,"Gaznet OÜ","+372 56624955",www.gaznet.ee,info@gaznet.ee
75623,65508,"Mootorsõidukite hooldus ja remont",45201,"Ghozt OÜ","+372 5284449",www.ghost.ee,ghost@ghost.ee
76136,65964,"Mootorsõidukite hooldus ja remont",45201,"Glasner Grupp OÜ","+372 56917955",https://www.facebook.com/glasnergrupp,info@glasner.ee
80752,70011,"Mootorsõidukite hooldus ja remont",45201,"Haagised OÜ","+372 5028331",www.haagised.ee,artjom@haagised.ee
80752,70011,"Mootorsõidukite hooldus ja remont",45201,"Haagised OÜ","+372 5281609",www.haagised.ee,artjom@haagised.ee
82629,71929,"Mootorsõidukite hooldus ja remont",45201,"Hansu Service OÜ","+372 58059352",www.hansuservice.ee,info@hansuservice.ee
83143,72397,"Mootorsõidukite hooldus ja remont",45201,"Harku Autokeskus OÜ","+372 5012959",www.harkuautokeskus.ee,info@harkuautokeskus.ee
84562,73886,"Mootorsõidukite hooldus ja remont",45201,"Heidenline OÜ","+372 5117234",https://matkasuvilad.ee/,karin@matkasuvilad.ee
84617,73937,"Mootorsõidukite hooldus ja remont",45201,"Heiker OÜ","+372 5057572",www.heiker.ee,heeringa@hot.ee
86495,75608,"Mootorsõidukite hooldus ja remont",45201,"Herard OÜ","+372 5248471",www.herard.ee,ardiilves@gmail.com
86968,76031,"Mootorsõidukite hooldus ja remont",45201,"HEXCAR OÜ","+372 58436420",https://hexcar.ee/,info@hexcar.ee
88920,77855,"Mootorsõidukite hooldus ja remont",45201,"Holland-Motors OÜ","+372 5074492",www.hollandmotors.ee,ridalaanj@hot.ee
91039,79818,"Mootorsõidukite hooldus ja remont",45201,"Hpparts OÜ","+372 55528870",http://www.hpparts.ee,info@hpparts.ee
91246,79977,"Mootorsõidukite hooldus ja remont",45201,"HR-Service OÜ","+372 51909103",www.hr-service.ee,info@hr-service.ee
97018,85146,"Mootorsõidukite hooldus ja remont",45201,"Inmar Auto OÜ","+372 51906050",www.inmarauto.ee,info@autoklaas24.ee
107017,94182,"Mootorsõidukite hooldus ja remont",45201,"JVS OÜ","+372 53543951",http://www.lendtera.ee,info@lendtera.ee
108351,95898,"Mootorsõidukite hooldus ja remont",45201,"K2 Varuosad OÜ","+372 56464311",http://www.k2v.ee,sussanneseik@gmail.com
114218,101516,"Mootorsõidukite hooldus ja remont",45201,"Katted24 OÜ","+372 53401232",www.katted24.ee,info@katted24.ee
119510,106433,"Mootorsõidukite hooldus ja remont",45201,"K.K Trans OÜ","+372 53963658",www.kkt.ee,kaspar@kkt.ee
119566,106481,"Mootorsõidukite hooldus ja remont",45201,"Klaasikuningas OÜ","+372 51996309",klaasikuningas.ee,info@klaasikuningas.ee
123686,110613,"Mootorsõidukite hooldus ja remont",45201,"KorrasAuto OÜ","+372 53325407",www.korrasauto.com,arved@korrasauto.com
126087,112810,"Mootorsõidukite hooldus ja remont",45201,"Krone ScanBalt OÜ","+372 53244907",https://www.krone-trailer.com/eesti/,info@krone.ee
126674,113299,"Mootorsõidukite hooldus ja remont",45201,"KSS OÜ","+372 56904264",www.kss.ee,kss@kss.ee
129281,115611,"Mootorsõidukite hooldus ja remont",45201,"Kõrvelaane Osaühing","+372 5122118",http://www.korvelaane.ee,korvelaane@gmail.com
129436,115738,"Mootorsõidukite hooldus ja remont",45201,"KämpingVan OÜ","+372 56900116",https://www.kampingvan.ee,info@kampingvan.ee
130451,116618,"Mootorsõidukite hooldus ja remont",45201,"Laanman OÜ","+372 5074565",laanman.ee,jyrgen.joelaan@gmail.com
143916,129149,"Mootorsõidukite hooldus ja remont",45201,"LX Motors Osaühing","+372 5151098",www.lxmotors.ee,lxmotors@lxmotors.ee
144748,130017,"Mootorsõidukite hooldus ja remont",45201,"Maastikutehnika OÜ","+372 56639188",www.maastikutehnika.ee,maastikutehnika@gmail.com
150651,135367,"Mootorsõidukite hooldus ja remont",45201,"MARREK PUIT OÜ","+372 56678631",www.marrekpuit.ee,info@marrekpuit.ee
152637,137111,"Mootorsõidukite hooldus ja remont",45201,"Maxmark24 OÜ","+372 56110410",www.mmservice.ee,igor.privalihhin@gmail.com
154873,139090,"Mootorsõidukite hooldus ja remont",45201,"Melg-Auto OÜ","+372 5091990",www.melgauto.ee,melgauto@melgauto.ee
156498,140511,"Mootorsõidukite hooldus ja remont",45201,"Mertens Auto OÜ","+372 56979035",www.mertensauto.ee,mertensauto@gmail.com
156498,140511,"Mootorsõidukite hooldus ja remont",45201,"Mertens Auto OÜ","+372 58051886",www.mertensauto.ee,mertensauto@gmail.com
156539,140542,"Mootorsõidukite hooldus ja remont",45201,"Mertul OÜ","+372 5215472",www.amgroup.ee,info.mertul@gmail.com
159484,143055,"Mootorsõidukite hooldus ja remont",45201,"Milworks OÜ","+372 5017856",htpps://milworks.ee,info@milworks.ee
160723,144154,"Mootorsõidukite hooldus ja remont",45201,"Mitsuhooldus OÜ","+372 58336161",www.mitsuhooldus.ee,info@mitsuhooldus.ee
169557,152595,"Mootorsõidukite hooldus ja remont",45201,"Mobile Autoteenindus OÜ","+372 5131370",www.mobileautoteenindus.ee,RAGNAR@MOBILEAUTOTEENINDUS.EE
170135,153113,"Mootorsõidukite hooldus ja remont",45201,"Moller Auto Pärnu OÜ","+372 4476100",http://www.mollerauto.ee,parnu@moller.ee
171029,153919,"Mootorsõidukite hooldus ja remont",45201,"Mootori Meistrid OÜ","+372 58181301",https://mmservice.ee,info@mmservice.ee
171042,153930,"Mootorsõidukite hooldus ja remont",45201,"Mopeedautod OÜ","+372 55510833",https://pood.mopeedautod.eu/,info@mopeedautod.eu
171042,153930,"Mootorsõidukite hooldus ja remont",45201,"Mopeedautod OÜ","+372 55510844",https://pood.mopeedautod.eu/,info@mopeedautod.eu
171042,153930,"Mootorsõidukite hooldus ja remont",45201,"Mopeedautod OÜ","+372 55510833",https://mopeedautod.eu/,info@mopeedautod.eu
171042,153930,"Mootorsõidukite hooldus ja remont",45201,"Mopeedautod OÜ","+372 55510844",https://mopeedautod.eu/,info@mopeedautod.eu
171564,154393,"Mootorsõidukite hooldus ja remont",45201,"Moto majutus OÜ","+372 5140025",www.motomajutus.ee,info@motomajutus.ee
171589,154414,"Mootorsõidukite hooldus ja remont",45201,"Motoprofet OÜ","+372 55541771",https://www.motoprofet.com,info@motoprofet.com
179513,162006,"Mootorsõidukite hooldus ja remont",45201,"Mäealuse Autobox OÜ","+372 53738238",www.maealuseautobox.ee,info@maealuseautobox.ee
181251,163642,"Mootorsõidukite hooldus ja remont",45201,"NamorAN OÜ","+372 5118305",https://namoranauto.ee,namoran.info@protonmail.com
185507,167653,"Mootorsõidukite hooldus ja remont",45201,"Nippon Auto OÜ","+372 55531098",www.nipponauto.ee,Margus@nipponauto.ee
189931,171549,"Mootorsõidukite hooldus ja remont",45201,"NWT Service OÜ","+372 56191919",www.nwtservice.ee,autoremont@nwtgrupp.ee
190823,172394,"Mootorsõidukite hooldus ja remont",45201,"Off-Road House OÜ","+372 5026098",http://offroadhouse.ee,info@offroadhouse.ee
191350,172841,"Mootorsõidukite hooldus ja remont",45201,"OK Grupp OÜ","+372 5231920",www.okgrupp.ee,podzigun.70@mail.ru
193184,174524,"Mootorsõidukite hooldus ja remont",45201,"Onier Grupp OÜ","+372 53407042",www.onier.ee,info@onier.ee
194600,175798,"Mootorsõidukite hooldus ja remont",45201,"OSADE OÜ","+372 5274011",www.m-tuning.ee,mihkel@m-tuning.ee
194629,175823,"Mootorsõidukite hooldus ja remont",45201,"Osan Service OÜ","+372 5140025",www.motomajutus.ee,info@motomajutus.ee
194629,175823,"Mootorsõidukite hooldus ja remont",45201,"Osan Service OÜ","+372 5140034",www.motomajutus.ee,info@motomajutus.ee
195450,176415,"Mootorsõidukite hooldus ja remont",45201,"osaühing A-Klaasiekspert","+372 5112934",http://www.klaasiekspert.ee,info@klaasiekspert.ee
195609,176526,"Mootorsõidukite hooldus ja remont",45201,"Osaühing ALBION MOTORS","+372 5093861",https://www.albionmotors.ee,aleksandr.kozajev@albionmotors.ee
196030,176855,"Mootorsõidukite hooldus ja remont",45201,"osaühing ALVORO","+372 5046286",www.traktor.ee,info@alvoro.ee
196483,177165,"Mootorsõidukite hooldus ja remont",45201,"osaühing Ants Viljandi","+372 5039022",http://www.ansvil.ee,info@ansvil.ee
197332,177774,"Mootorsõidukite hooldus ja remont",45201,"Osaühing ATLANTE","+372 5100555",www.atlante.ee,info@atlante.ee
197479,177887,"Mootorsõidukite hooldus ja remont",45201,"Osaühing AUTOART","+372 5090077",www.autoart.ee,autoart@autoart.ee
198075,178316,"Mootorsõidukite hooldus ja remont",45201,"Osaühing BCA Autoekspert","+372 5653374",www.bcaeteh.ee,arved@bcaeteh.ee
198643,178729,"Mootorsõidukite hooldus ja remont",45201,"Osaühing Brevell","+372 5068189",www.hot.ee/brevell,brevell@hot.ee
198667,178749,"Mootorsõidukite hooldus ja remont",45201,"Osaühing BRISKO","+372 53585338",www.brisko.ee,mail@brisko.ee
198699,178775,"Mootorsõidukite hooldus ja remont",45201,"OSAÜHING BRT Keskus","+372 5049510",www.baltirasketehnikakeskus.ee,info@brtkeskus.ee
198699,178775,"Mootorsõidukite hooldus ja remont",45201,"OSAÜHING BRT Keskus","+372 5049510",www.plavinas.ee,info@brtkeskus.ee
199094,179061,"Mootorsõidukite hooldus ja remont",45201,"Osaühing City Car Service","+372 5257805",http://www.narvakrown.ee,citycar.narva@gmail.com
200157,179836,"Mootorsõidukite hooldus ja remont",45201,"OSAÜHING DREWS","+372 5535133",http://www.drewsauto.ee,drewsauto.ee@gmail.com
200187,179857,"Mootorsõidukite hooldus ja remont",45201,"Osaühing DUBATEX","+372 5185186",taal.urmas@gmail.com,utrup@hot.ee
201108,180542,"Mootorsõidukite hooldus ja remont",45201,"OSAÜHING ENITREK","+372 53330216",www.enitrek.ee,enitrek@enitrek.ee
201156,180570,"Mootorsõidukite hooldus ja remont",45201,"osaühing Entar Auto","+372 5050025",https://www.entar.ee,entar@entar.ee
201156,180570,"Mootorsõidukite hooldus ja remont",45201,"osaühing Entar Auto","+372 5175800",https://www.entar.ee,entar@entar.ee
201616,180904,"Mootorsõidukite hooldus ja remont",45201,"Osaühing ESTPRESTO","+372 5658071",www.estpresto.ee,urmaserit@estpresto.ee
201860,181073,"Mootorsõidukite hooldus ja remont",45201,"Osaühing EVAIL OIL","+372 55533590",www.evailoil.ee,info@evailoil.ee
201860,181073,"Mootorsõidukite hooldus ja remont",45201,"Osaühing EVAIL OIL","+372 55533590",www.evailoil.eu,info@evailoil.ee
203428,182226,"Mootorsõidukite hooldus ja remont",45201,"Osaühing Greeman","+372 55524701",https://www.greemanehitus.ee,Greeman6@gmail.com
203428,182226,"Mootorsõidukite hooldus ja remont",45201,"Osaühing Greeman","+372 58501028",https://www.greemanehitus.ee,Greeman6@gmail.com
204958,183276,"Mootorsõidukite hooldus ja remont",45201,"Osaühing Import Auto","+372 56636696",www.importauto.ee,info@importauto.ee
206002,184059,"Mootorsõidukite hooldus ja remont",45201,"Osaühing Kadaka Autokaubad","+372 56616644",www.k-autokaubad.ee,taavo@k-autokaubad.ee
206974,184732,"Mootorsõidukite hooldus ja remont",45201,"Osaühing Kindle","+372 5064307",www.kindle.ee,info@kindle.ee
206974,184732,"Mootorsõidukite hooldus ja remont",45201,"Osaühing Kindle","+372 5286581",www.kindle.ee,info@kindle.ee
207517,185090,"Mootorsõidukite hooldus ja remont",45201,"OSAÜHING KONMARAUTO","+372 5047047",https://www.autostuudio.ee,info@autostuudio.ee
208190,185565,"Mootorsõidukite hooldus ja remont",45201,"osaühing KV Transport","+372 55562290",www.kvt.ee,info@kvt.ee
208786,185991,"Mootorsõidukite hooldus ja remont",45201,"Osaühing Lehola Varahaldus","+372 5054710",www.lv.ee,lv@lv.ee
209240,186323,"Mootorsõidukite hooldus ja remont",45201,"Osaühing Linnuse Autokeskus","+372 5250299",http://www.linnuseauto.ee,info@linnuseauto.ee
210208,187027,"Mootorsõidukite hooldus ja remont",45201,"osaühing MARJA AUTOKUMM","+372 5063554",www.kummid.ee,alari@kummid.ee
211648,188065,"Mootorsõidukite hooldus ja remont",45201,"Osaühing MOTORENT","+372 5040177",www.brpkeskus.ee,Info@brpkeskus.ee
211648,188065,"Mootorsõidukite hooldus ja remont",45201,"Osaühing MOTORENT","+372 5040177",www.brpkeskus.ee,margus@brpkeskus.ee
213301,189255,"Mootorsõidukite hooldus ja remont",45201,"osaühing OVERDRIVE","+372 5019649",https://sinurehvid.ee/,info@sinurehvid.ee
214379,190013,"Mootorsõidukite hooldus ja remont",45201,"Osaühing Priaal","+372 56454911",www.priaal.ee,priaal@priaal.ee
215806,190978,"Mootorsõidukite hooldus ja remont",45201,"Osaühing Reiu Puhkekeskus","+372 5028005",http://www.polarisparts.ee,info@polarisparts.ee
216292,191334,"Mootorsõidukite hooldus ja remont",45201,"Osaühing Riidaku Töökoda","+372 5051380",www.riit.ee,jaanus.seiler@gmail.com
216442,191444,"Mootorsõidukite hooldus ja remont",45201,"Osaühing RIVARE AUTO","+372 5046795",htpp://www.rivare.ee,info@rivare.ee
216615,191567,"Mootorsõidukite hooldus ja remont",45201,"Osaühing Roland Kaubandus","+372 5652106",www.rahumaeauto.ee,info@rahumaeauto.ee
216615,191567,"Mootorsõidukite hooldus ja remont",45201,"Osaühing Roland Kaubandus","+372 5658580",www.rahumaeauto.ee,info@rahumaeauto.ee
217563,192248,"Mootorsõidukite hooldus ja remont",45201,"Osaühing Savirehvid","+372 5063857",www.savirehvid.ee,info@savirehvid.ee
217583,192265,"Mootorsõidukite hooldus ja remont",45201,"Osaühing ScanBalt Trucks","+37250 39599",www.trucks.ee,martin@scanbalttrailer.ee
217930,192512,"Mootorsõidukite hooldus ja remont",45201,"Osaühing Servistop","+372 5256253",https://www.servistop.ee,marko@servistop.ee
218415,192863,"Mootorsõidukite hooldus ja remont",45201,"Osaühing Skival","+372 56157167",skival.ee,skival@skival.ee
218526,192949,"Mootorsõidukite hooldus ja remont",45201,"Osaühing Socius","+372 5027004",www.fordikeskus.ee,aivar@fordikeskus.ee
219531,193674,"Mootorsõidukite hooldus ja remont",45201,"osaühing ZEIGO SERVICE","+372 5044964",https://www.komatsuforest.ee/,info@komatsuforest.ee
220124,194071,"Mootorsõidukite hooldus ja remont",45201,"Osaühing Tebolar","+372 56158158",http://www.tebolar.ee,info@tebolar.ee
220124,194071,"Mootorsõidukite hooldus ja remont",45201,"Osaühing Tebolar","+372 56600280",http://www.tebolar.ee,info@tebolar.ee
220468,194312,"Mootorsõidukite hooldus ja remont",45201,"osaühing TERMOLA","+372 53405489",www.termola.ee,info@termola.ee
221479,195051,"Mootorsõidukite hooldus ja remont",45201,"Osaühing TUNINGSTYLE","+372 5141494",www.sadulsepp.ee,info@sadulsepp.ee
221583,195131,"Mootorsõidukite hooldus ja remont",45201,"Osaühing Tõukur","+372 5245525",www.toukur.ee,info@toukur.ee
222442,195714,"Mootorsõidukite hooldus ja remont",45201,"osaühing VEEGA GRUPP","+372 56475757",www.veega.ee,margus@veega.ee
222442,195714,"Mootorsõidukite hooldus ja remont",45201,"osaühing VEEGA GRUPP","+372 56475757",www.veega.ee,marko@veega.ee
222442,195714,"Mootorsõidukite hooldus ja remont",45201,"osaühing VEEGA GRUPP","+372 56634805",www.veega.ee,margus@veega.ee
222442,195714,"Mootorsõidukite hooldus ja remont",45201,"osaühing VEEGA GRUPP","+372 56634805",www.veega.ee,marko@veega.ee
222782,195960,"Mootorsõidukite hooldus ja remont",45201,"osaühing VEXON AUTO","+372 5136789",http://www.wexonauto.ee,vexonauto@gmail.com
222815,195986,"Mootorsõidukite hooldus ja remont",45201,"Osaühing Vibratsioon","+372 5201339",http://www.vibratsioon.ee/,vibratsioon@vibratsioon.ee
222815,195986,"Mootorsõidukite hooldus ja remont",45201,"Osaühing Vibratsioon","+372 56475885",http://www.vibratsioon.ee/,vibratsioon@vibratsioon.ee
223639,196574,"Mootorsõidukite hooldus ja remont",45201,"Osaühing Vändra Karu","+372 5144424",www.vandrakarureis.ee,vandra.karu@mail.ee
224428,197150,"Mootorsõidukite hooldus ja remont",45201,"OSTUEELNE OÜ","+372 58536058",http://www.ostueelne.ee,ostueelne@gmail.com
225330,198021,"Mootorsõidukite hooldus ja remont",45201,"OÜ AABE VARUOSAD","+372 5010091",www.aabe.ee,andre@aabe.ee
225820,198422,"Mootorsõidukite hooldus ja remont",45201,"OÜ Agito Performance","+372 55611704",ag-performance.ee,11263808@eesti.ee
225820,198422,"Mootorsõidukite hooldus ja remont",45201,"OÜ Agito Performance","+372 55687349",ag-performance.ee,11263808@eesti.ee
227353,199643,"Mootorsõidukite hooldus ja remont",45201,"OÜ Aravete Autoteenindus","+372 53328285",www.araveteauto.ee,info@araveteauto.ee
228336,200398,"Mootorsõidukite hooldus ja remont",45201,"OÜ Autotalent","+372 51927810",https://Www.autorenttallinn.eu,autotalentrent@gmail.com
228496,200532,"Mootorsõidukite hooldus ja remont",45201,"OÜ Avtosovet","+372 58280131",www.avtosovet.net,romanidze1@gmail.com
229941,201688,"Mootorsõidukite hooldus ja remont",45201,"OÜ Car.Stage.Garage","+372 58100793",www.autoremont24.ee,info@csg.ee
232674,203933,"Mootorsõidukite hooldus ja remont",45201,"OÜ ENTRA GRUPP","+372 56667224",www.entra.ee,entra@entra.ee
233172,204309,"Mootorsõidukite hooldus ja remont",45201,"OÜ E-TEHNO","+372 5045621",www.e-tehno.ee,haldus@e-tehno.ee
233259,204383,"Mootorsõidukite hooldus ja remont",45201,"OÜ Euroforum","+372 5579494",www.wasp.ee,euroforum.madara@gmail.com
235015,205836,"Mootorsõidukite hooldus ja remont",45201,"OÜ Gold Selection","+372 5655100",http://www.kummid24.ee,tanel@kummid24.ee
235751,206427,"Mootorsõidukite hooldus ja remont",45201,"OÜ Haroli Tehnika","+372 56157500",www.motoekspert.ee,info@motoekspert.ee
237964,208180,"Mootorsõidukite hooldus ja remont",45201,"OÜ JANIMET","+372 5014636",www.janimet.ee,janimet@janimet.ee
237964,208180,"Mootorsõidukite hooldus ja remont",45201,"OÜ JANIMET","+372 5067771",www.janimet.ee,janimet@janimet.ee
238030,208231,"Mootorsõidukite hooldus ja remont",45201,"OÜ JASSI AUTOTUBA","+372 5269669",http://jassiauto.ee/,diiselmootorid@hot.ee
241351,210898,"Mootorsõidukite hooldus ja remont",45201,"OÜ Krooni Grupp","+372 53779488",www.kroonigrupp.ee,katrin@advocatus.ee
241616,211112,"Mootorsõidukite hooldus ja remont",45201,"OÜ KUMMIBOX","+372 56464817",http://www.carbox.ee,tom@kummibox.ee
244610,213458,"Mootorsõidukite hooldus ja remont",45201,"OÜ MaksiBussid","+372 5183662",www.maksibussid.eu,info@maksibussid.eu
244610,213458,"Mootorsõidukite hooldus ja remont",45201,"OÜ MaksiBussid","+372 5257571",www.maksibussid.eu,info@maksibussid.eu
245097,213854,"Mootorsõidukite hooldus ja remont",45201,"OÜ Martna Garaaž","+372 56211069",www.martna.com,garaaz@martna.com
245747,214351,"Mootorsõidukite hooldus ja remont",45201,"OÜ Meranna","+372 53476054",www.meranna.ee,info@meranna.ee
246981,215337,"Mootorsõidukite hooldus ja remont",45201,"OÜ Motroonik","+372 5159081",www.motroonik.ee,info@motroonik.ee
248680,216651,"Mootorsõidukite hooldus ja remont",45201,"OÜ NURME TEEDEEHITUS","+372 53305252",www.nurmeteedeehitus.ee,info@nurmeteedeehitus.ee
248873,216802,"Mootorsõidukite hooldus ja remont",45201,"OÜ Odien","+372 5186404",www.odien.ee,janar@odien.ee
250933,218418,"Mootorsõidukite hooldus ja remont",45201,"OÜ Poolq","+372 5018277",www.poolq.ee,info@poolq.ee
251205,218646,"Mootorsõidukite hooldus ja remont",45201,"OÜ Proart service","+372 5583006",www.proartservice.ee,info@proartservice.ee
251205,218646,"Mootorsõidukite hooldus ja remont",45201,"OÜ Proart service","+372 56060567",www.proartservice.ee,info@proartservice.ee
251371,218779,"Mootorsõidukite hooldus ja remont",45201,"OÜ PROREXOIL","+372 56226162",www.prorexoil.ee,prorexoil@prorexoil.ee
251371,218779,"Mootorsõidukite hooldus ja remont",45201,"OÜ PROREXOIL","+372 56226162",www.autoelamu.ee,prorexoil@prorexoil.ee
252063,219315,"Mootorsõidukite hooldus ja remont",45201,"OÜ Rada Auto","+372 54321555",https://www.radaauto.ee/,info@radaauto.ee
252797,219883,"Mootorsõidukite hooldus ja remont",45201,"OÜ REHVIKAS","+372 56975670",www.rehvikas.com,taivo@rehvikas.com
253851,220712,"Mootorsõidukite hooldus ja remont",45201,"OÜ Roopa Auto","+372 5212395",www.roopaauto.ee,arved@roopaauto.ee
254583,221277,"Mootorsõidukite hooldus ja remont",45201,"OÜ Saksa Auto AMK","+372 5023183",https://amk.ee/,toomas.lambin@amk.ee
255618,222107,"Mootorsõidukite hooldus ja remont",45201,"OÜ Siller Solutions","+372 56642342",https://www.sillerremaps.ee,silver.siitam@gmail.com
255618,222107,"Mootorsõidukite hooldus ja remont",45201,"OÜ Siller Solutions","+372 56642342",https://www.sillersolutions.ee,silver.siitam@gmail.com
259940,225581,"Mootorsõidukite hooldus ja remont",45201,"OÜ Troost Auto","+372 53490050",www.troostauto.ee,madis@troostauto.ee
259940,225581,"Mootorsõidukite hooldus ja remont",45201,"OÜ Troost Auto","+372 5520851",www.troostauto.ee,madis@troostauto.ee
262251,227433,"Mootorsõidukite hooldus ja remont",45201,"OÜ VinnalAuto","+372 56498770",www.vinnalauto.ee,rene@vinnalauto.ee
263110,228111,"Mootorsõidukite hooldus ja remont",45201,"OÜ West Car","+372 5022494",http://westcar.eu,arved@westcar.eu
263110,228111,"Mootorsõidukite hooldus ja remont",45201,"OÜ West Car","+372 5111494",http://westcar.eu,arved@westcar.eu
264075,228914,"Mootorsõidukite hooldus ja remont",45201,"Padise Auto OÜ","+372 5135097",padiseauto.ee,info@padiseauto.ee
266327,230980,"Mootorsõidukite hooldus ja remont",45201,"Patrick Motors OÜ","+372 5026098",http://patrickmotors.ee,info@offroadhouse.ee
267255,231817,"Mootorsõidukite hooldus ja remont",45201,"Peetri Talutehnika OÜ","+372 5041986",www.talutehnika.ee,info@talutehnika.ee
267255,231817,"Mootorsõidukite hooldus ja remont",45201,"Peetri Talutehnika OÜ","+372 5241986",www.talutehnika.ee,info@talutehnika.ee
269294,233680,"Mootorsõidukite hooldus ja remont",45201,"PIKALIIVA GRUPP OSAÜHING","+372 5532040",www.pikaliiva.com,juhatus@pikaliiva.com
271395,235544,"Mootorsõidukite hooldus ja remont",45201,"Plekk ja Värv autoteeninduse OÜ","+372 5073591",www.plekk.ee,plekk@plekk.ee
271472,235615,"Mootorsõidukite hooldus ja remont",45201,"PLK Auto OÜ","+372 56678066",https://plkauto.ee/,info@plkauto.ee
272340,236378,"Mootorsõidukite hooldus ja remont",45201,"Polyship OÜ","+372 5240752",www.polyship.ee,info@polyship.ee
272968,236924,"Mootorsõidukite hooldus ja remont",45201,"Power Bike OÜ","+372 53090292",marek.kose69@gmail.com,marek.kose69@gmail.com
276113,239672,"Mootorsõidukite hooldus ja remont",45201,"Prosapia OÜ","+372 56564618",www.prosapia.ee,east.egert@gmail.com
282146,246912,"Mootorsõidukite hooldus ja remont",45201,"RahumäeAuto OÜ","+372 5652106",www.rahumaeauto.ee,info@rahumaeauto.ee
283919,248758,"Mootorsõidukite hooldus ja remont",45201,"Ramvar Auto OÜ","+372 5270333",www.ramvar.ee,info@ramvar.ee
287271,251809,"Mootorsõidukite hooldus ja remont",45201,"Rehvid Pluss OÜ","+372 56666409",https://www.rehvidpluss.com/,kristjan@rehvidpluss.com
287280,251815,"Mootorsõidukite hooldus ja remont",45201,"RehviHunt OÜ","+372 55543851",www.rehvihunt.ee,info@rehvihunt.ee
287283,251818,"Mootorsõidukite hooldus ja remont",45201,"Rehviladu OÜ","+372 55604773",www.rehviladu.ee,tiitrehviladu@hot.ee
288469,252833,"Mootorsõidukite hooldus ja remont",45201,"REMMON OÜ","+372 5274008",www.remmon.ee,remmon@remmon.ee
289274,253540,"Mootorsõidukite hooldus ja remont",45201,"Rentster Online OÜ","+372 5257842",https://www.rentster.eu,rentster@rentster.eu
289584,253831,"Mootorsõidukite hooldus ja remont",45201,"RESPOM AUTO OÜ","+372 56503833",www.respom.ee,info@respom.ee
289966,254152,"Mootorsõidukite hooldus ja remont",45201,"Rettum OÜ","+372 6543016",http://www.ilutuba.ee/,ilutuba@online.ee
290120,254279,"Mootorsõidukite hooldus ja remont",45201,"Reval Motors OÜ","+372 5182788",www.revalmotors.ee,info@revalmotors.ee
292968,256743,"Mootorsõidukite hooldus ja remont",45201,"RMW OÜ","+372 55565401",www.rmw.ee,info@rmw.ee
293322,257054,"Mootorsõidukite hooldus ja remont",45201,"Rockauto OÜ","+372 5029144",www.chevyclub.ee,siim@chevyclub.ee
293421,257144,"Mootorsõidukite hooldus ja remont",45201,"ROCKWELD OÜ","+372 5053594",www.rockweld.ee,info@rockweld.ee
295399,259544,"Mootorsõidukite hooldus ja remont",45201,"Sadulsepateenused OÜ","+372 5141494",www.sadulsepp.ee,info@sadulsepp.ee
297541,261563,"Mootorsõidukite hooldus ja remont",45201,"SARET TEENINDUS OÜ","+372 5048482",saret.ee,indrek.teras@gmail.com
298236,262437,"Mootorsõidukite hooldus ja remont",45201,"Saurusservis OÜ","+372 5055614",www.saurusservis.ee,paavo@porterec.ee
303542,267132,"Mootorsõidukite hooldus ja remont",45201,"Special Cars OÜ","+372 58838508",www.specialcars.ee,info@specialcars.ee
303633,267215,"Mootorsõidukite hooldus ja remont",45201,"SPEED PAINT OÜ","+372 57100500",www.speedpaint.ee,info@speedpaint.ee
303733,267295,"Mootorsõidukite hooldus ja remont",45201,"Spetsialist OÜ","+372 55529632",https://www.spetsialist.eu,andrus@spetsialist.eu
303897,267441,"Mootorsõidukite hooldus ja remont",45201,"Spirit Keretööd OÜ","+372 56652286",www.spiritkeretööd.ee,Spiritkeretood@gmail.com
304000,267529,"Mootorsõidukite hooldus ja remont",45201,"SP Metal Art OÜ","+372 53733890",www.spstudio.ee,maitmuts@gmail.com
304000,267529,"Mootorsõidukite hooldus ja remont",45201,"SP Metal Art OÜ","+372 56981791",www.spstudio.ee,maitmuts@gmail.com
305391,268806,"Mootorsõidukite hooldus ja remont",45201,"Stange Mehed OÜ","+372 58818022",https://stangemehed.ee/,info@stangemehed.ee
306559,269839,"Mootorsõidukite hooldus ja remont",45201,"StigMet OÜ","+372 56566445",www.stigmet.ee,priit@stigmet.ee
320933,285006,"Mootorsõidukite hooldus ja remont",45201,"Tiskre Pesa OÜ","+372 53604561",https://www.tiskrepesa.com/,tiskrepesaou@gmail.com
321348,285363,"Mootorsõidukite hooldus ja remont",45201,"T-Lab OÜ","+372 5295534",www.t-lab.ee,info@t-lab.ee
322323,286295,"Mootorsõidukite hooldus ja remont",45201,"TomestAuto OÜ","+372 56258896",www.tomest.ee,tomestauto@gmail.com
322920,286846,"Mootorsõidukite hooldus ja remont",45201,"Toonklaas OÜ","+372 5283422",www.toonklaas.ee,Info@toonklaas.ee
323321,287179,"Mootorsõidukite hooldus ja remont",45201,"Toptruck OÜ","+372 53028109",www.toptruck.ee,puidueero@gmail.com
325713,289436,"Mootorsõidukite hooldus ja remont",45201,"Tulson Auto OÜ","+372 56483333",www.tulson.ee,info@tulsonauto.ee
326450,290025,"Mootorsõidukite hooldus ja remont",45201,"Tuukri Autokeskus OÜ","+372 58666602",www.t-autokeskus.ee,info@t-autokeskus.ee
327588,291099,"Mootorsõidukite hooldus ja remont",45201,"Täisühing AUTOHALL","+372 5087023",http://www.autohall.ee,urmas@autohall.ee
330158,293552,"Mootorsõidukite hooldus ja remont",45201,"Uniparts OÜ","+372 58868898",https://uniparts.ee,info@uniparts.ee
331948,295196,"Mootorsõidukite hooldus ja remont",45201,"USIN Osaühing","+372 5547270",www.usin.eu,info@usin.eu
333196,296349,"Mootorsõidukite hooldus ja remont",45201,"V8 BROTHERHOOD MTÜ","+372 56260617",www.v8brotherhood.com,kristjan.juurikas@gmail.com
334890,298047,"Mootorsõidukite hooldus ja remont",45201,"VALICECAR OÜ","+372 5288718",https://valicecar.ee/,info@valicecar.ee
338797,301505,"Mootorsõidukite hooldus ja remont",45201,"VESREM OÜ","+372 56280984",www.autostop.ee,aveskilt@gmail.com
339830,302396,"Mootorsõidukite hooldus ja remont",45201,"Viilung Puit OÜ","+372 5094990",www.viiilung.ee,info@viilung.ee
339830,302396,"Mootorsõidukite hooldus ja remont",45201,"Viilung Puit OÜ","+372 56488869",www.viiilung.ee,info@viilung.ee
339876,302435,"Mootorsõidukite hooldus ja remont",45201,"VIIMSI AUTOKESKUS OÜ","+372 5083677",info@viimsiautokeskus.ee,risto@varv.ee
342696,305986,"Mootorsõidukite hooldus ja remont",45201,"Viruveod OÜ","+372 51995714",www.viruveod.ee,Info@viruveod.ee
343609,306816,"Mootorsõidukite hooldus ja remont",45201,"V&K Auto OÜ","+372 5078673",www.vkauto.ee,info@vkauto.ee
343673,306874,"Mootorsõidukite hooldus ja remont",45201,"Vkm Engineering OÜ","+372 5066454",karol@vkmmotors.ee,karol@vkmmotors.ee
345374,308380,"Mootorsõidukite hooldus ja remont",45201,"VTA Tehnika Aktsiaselts","+372 5040109",www.vtatehnika,info@vtatehnika.ee
349422,312449,"Mootorsõidukite hooldus ja remont",45201,"Window Films OÜ","+372 5535127",www.autokosmeetikakeskus.ee,info@autokosmeetikakeskus.ee
350152,313077,"Mootorsõidukite hooldus ja remont",45201,"Wolfstan OÜ","+372 5105202",www.boatexpert.ee,stanislav@wolfstan.ee
